Student ID,Well versed with the subject,Explains concepts in an understandable way,Use of presentations,Degree of difficulty of assignments,Solves doubts willingly,Structuring of the course,Provides support for students going above and beyond,Course recommendation based on relevance,Feedback Comments,Sentiment
340,5,2,7,6,9,2,1,8,Assignments were too difficult.,Negative
253,6,5,8,6,2,1,2,9,Concepts were explained in detail.,Neutral
680,7,7,6,5,4,2,3,1,"Overall, the course was relevant and useful.",Positive
806,9,6,7,1,5,9,4,6,Sometimes explanations were confusing.,Negative
632,8,10,8,4,6,6,9,9,Assignments were too difficult.,Negative
832,7,2,7,8,3,5,1,4,Very satisfied with the teaching.,Positive
772,9,3,5,2,10,3,8,1,The presentations were very clear.,Positive
961,9,8,7,4,4,3,3,10,Assignments were too difficult.,Negative
814,6,5,8,6,4,4,7,9,"Overall, the course was relevant and useful.",Positive
863,5,9,4,7,9,4,4,5,Sometimes explanations were confusing.,Negative
576,10,3,8,6,6,3,6,9,Concepts were explained in detail.,Neutral
702,8,4,7,1,2,1,8,8,"Overall, the course was relevant and useful.",Positive
541,5,4,4,2,2,7,8,1,"Overall, the course was relevant and useful.",Positive
552,5,6,7,2,7,4,4,2,The presentations were very clear.,Positive
510,6,7,8,3,4,7,7,6,Support was excellent and motivating.,Positive
159,7,7,6,6,3,9,3,1,Sometimes explanations were confusing.,Negative
223,9,10,4,5,7,10,10,6,"Too many assignments, need balance.",Positive
807,8,3,4,2,2,4,6,1,"Overall, the course was relevant and useful.",Positive
525,9,9,4,3,5,5,9,2,Support was excellent and motivating.,Positive
799,5,6,5,4,2,1,1,7,"Too many assignments, need balance.",Positive
24,9,10,6,10,2,10,1,9,Sometimes explanations were confusing.,Negative
509,8,2,7,5,2,3,4,4,Great teaching style and very helpful!,Positive
797,9,10,4,10,9,2,10,7,Very satisfied with the teaching.,Positive
418,8,8,6,7,9,5,2,8,Support was excellent and motivating.,Positive
48,5,5,4,2,1,10,10,9,Could use more real-world examples.,Positive
657,9,5,7,3,2,8,10,6,Great teaching style and very helpful!,Positive
864,9,8,5,2,3,9,2,8,Very satisfied with the teaching.,Positive
861,5,6,4,5,4,4,6,6,The presentations were very clear.,Positive
118,9,10,7,7,4,6,9,1,Assignments were too difficult.,Negative
387,7,3,8,1,6,8,6,8,Concepts were explained in detail.,Neutral
282,5,6,7,3,8,1,1,9,Could use more real-world examples.,Positive
503,8,6,6,3,3,6,4,10,The presentations were very clear.,Positive
934,5,6,4,6,10,3,4,10,Sometimes explanations were confusing.,Negative
781,8,3,4,5,1,8,10,5,The presentations were very clear.,Positive
898,10,10,4,3,5,4,2,1,Assignments were too difficult.,Negative
474,8,3,7,6,4,3,7,7,Sometimes explanations were confusing.,Negative
704,9,9,8,6,8,4,8,5,Could use more real-world examples.,Positive
977,9,5,4,4,6,3,1,9,Assignments were too difficult.,Negative
454,9,6,6,1,10,8,10,7,"Too many assignments, need balance.",Positive
295,5,7,6,3,1,7,2,9,Concepts were explained in detail.,Neutral
35,10,6,4,5,6,2,3,1,Could use more real-world examples.,Positive
304,9,9,4,6,5,1,7,2,"Too many assignments, need balance.",Positive
56,6,9,6,8,9,6,2,4,Very satisfied with the teaching.,Positive
922,8,10,7,4,5,9,3,5,Could use more real-world examples.,Positive
569,10,7,6,9,2,6,2,5,Very satisfied with the teaching.,Positive
186,6,4,4,4,6,9,10,10,Sometimes explanations were confusing.,Negative
258,7,2,7,2,7,2,6,10,"Too many assignments, need balance.",Positive
560,8,7,8,3,8,7,4,8,Concepts were explained in detail.,Neutral
621,10,4,5,1,5,10,1,10,Assignments were too difficult.,Negative
568,10,7,4,6,10,8,10,8,"Overall, the course was relevant and useful.",Positive
393,6,9,8,7,5,8,1,4,The presentations were very clear.,Positive
12,8,10,7,2,8,9,6,6,Great teaching style and very helpful!,Positive
798,7,2,8,7,10,5,3,5,Concepts were explained in detail.,Neutral
740,8,10,7,3,2,10,10,1,"Too many assignments, need balance.",Positive
184,10,9,8,6,4,8,8,9,"Overall, the course was relevant and useful.",Positive
410,7,2,5,2,6,6,3,10,Concepts were explained in detail.,Neutral
480,10,6,7,8,5,3,1,5,"Too many assignments, need balance.",Positive
84,7,4,6,10,7,7,8,9,Support was excellent and motivating.,Positive
89,9,9,4,5,1,2,3,9,Support was excellent and motivating.,Positive
763,6,9,6,7,6,10,2,5,Very satisfied with the teaching.,Positive
86,7,8,6,8,3,10,2,7,Concepts were explained in detail.,Neutral
867,6,4,6,4,2,7,5,3,Support was excellent and motivating.,Positive
248,6,6,4,6,6,6,2,3,"Too many assignments, need balance.",Positive
751,7,3,8,10,2,7,2,6,Very satisfied with the teaching.,Positive
522,6,9,8,10,9,5,3,6,"Too many assignments, need balance.",Positive
696,5,5,4,9,3,1,8,6,Very satisfied with the teaching.,Positive
274,8,2,4,7,10,8,5,8,Concepts were explained in detail.,Neutral
921,9,7,5,10,10,9,6,4,"Overall, the course was relevant and useful.",Positive
957,6,2,7,8,5,9,5,4,Assignments were too difficult.,Negative
88,9,4,4,9,9,9,7,10,Could use more real-world examples.,Positive
149,5,6,5,1,8,9,7,8,"Overall, the course was relevant and useful.",Positive
737,7,9,4,5,5,2,2,1,Sometimes explanations were confusing.,Negative
891,7,2,4,9,6,9,7,9,"Too many assignments, need balance.",Positive
1,9,6,8,7,6,5,3,10,Sometimes explanations were confusing.,Negative
868,7,9,7,2,6,2,9,4,"Overall, the course was relevant and useful.",Positive
895,5,5,7,7,2,1,8,9,Very satisfied with the teaching.,Positive
638,9,10,8,2,1,1,4,8,Could use more real-world examples.,Positive
707,5,6,6,5,1,9,6,9,Could use more real-world examples.,Positive
432,9,9,6,8,2,3,2,4,Great teaching style and very helpful!,Positive
988,7,4,6,7,6,9,7,1,Could use more real-world examples.,Positive
742,7,7,8,2,1,1,8,1,Assignments were too difficult.,Negative
730,6,5,4,5,6,6,7,2,Could use more real-world examples.,Positive
321,5,7,6,2,3,5,3,5,"Overall, the course was relevant and useful.",Positive
904,8,5,8,9,7,9,8,6,Great teaching style and very helpful!,Positive
171,6,10,4,6,1,6,2,3,"Overall, the course was relevant and useful.",Positive
695,10,4,4,1,5,8,7,1,"Overall, the course was relevant and useful.",Positive
498,8,5,4,5,10,7,1,10,The presentations were very clear.,Positive
446,7,8,5,10,10,2,5,9,Great teaching style and very helpful!,Positive
982,9,10,7,5,6,6,1,5,"Overall, the course was relevant and useful.",Positive
981,7,6,7,5,4,6,8,3,The presentations were very clear.,Positive
849,6,10,6,7,7,4,10,7,The presentations were very clear.,Positive
297,7,10,6,8,10,10,2,8,Great teaching style and very helpful!,Positive
713,8,6,7,5,2,7,10,8,Sometimes explanations were confusing.,Negative
192,8,4,8,6,3,5,1,5,Very satisfied with the teaching.,Positive
561,9,6,4,8,6,8,3,3,Assignments were too difficult.,Negative
364,6,6,7,9,6,4,7,6,Very satisfied with the teaching.,Positive
40,6,7,5,6,10,5,6,3,Could use more real-world examples.,Positive
521,5,9,4,2,1,8,3,7,Assignments were too difficult.,Negative
201,8,2,8,9,8,8,9,4,Could use more real-world examples.,Positive
780,6,4,4,10,6,5,6,8,"Overall, the course was relevant and useful.",Positive
853,7,9,4,8,9,4,10,2,"Too many assignments, need balance.",Positive
202,5,6,6,10,3,4,2,8,Great teaching style and very helpful!,Positive
421,6,3,8,10,6,8,7,9,Assignments were too difficult.,Negative
671,9,8,6,10,10,7,7,8,Assignments were too difficult.,Negative
334,5,9,4,3,8,10,4,2,"Overall, the course was relevant and useful.",Positive
843,6,8,5,4,5,5,10,6,Sometimes explanations were confusing.,Negative
57,10,7,6,10,4,4,2,4,The presentations were very clear.,Positive
353,6,7,5,3,6,6,7,5,"Overall, the course was relevant and useful.",Positive
681,7,2,7,5,2,1,3,7,Support was excellent and motivating.,Positive
394,6,3,6,10,7,4,3,3,The presentations were very clear.,Positive
188,7,6,8,9,9,8,9,10,Great teaching style and very helpful!,Positive
641,5,10,6,7,4,2,5,4,The presentations were very clear.,Positive
544,10,7,8,4,6,5,7,8,Sometimes explanations were confusing.,Negative
163,9,3,4,7,3,8,6,8,The presentations were very clear.,Positive
283,9,2,6,1,2,10,5,5,Great teaching style and very helpful!,Positive
820,6,5,4,9,2,5,10,7,Sometimes explanations were confusing.,Negative
254,6,6,6,8,9,4,4,8,Very satisfied with the teaching.,Positive
221,9,6,8,1,8,2,5,6,Assignments were too difficult.,Negative
736,8,2,8,8,2,6,5,4,Assignments were too difficult.,Negative
280,9,10,4,7,7,3,5,4,Could use more real-world examples.,Positive
976,5,2,5,5,7,9,4,3,Very satisfied with the teaching.,Positive
481,9,10,8,9,1,3,1,9,Very satisfied with the teaching.,Positive
80,7,6,4,1,5,6,1,8,The presentations were very clear.,Positive
473,10,10,7,5,2,6,10,5,Assignments were too difficult.,Negative
762,10,7,5,7,8,9,3,4,Great teaching style and very helpful!,Positive
385,5,2,6,7,3,2,10,1,Concepts were explained in detail.,Neutral
195,9,7,5,5,10,10,5,1,Concepts were explained in detail.,Neutral
144,8,6,5,6,3,8,2,6,Sometimes explanations were confusing.,Negative
767,10,10,8,3,9,6,4,8,Assignments were too difficult.,Negative
300,6,8,4,5,5,9,5,4,Assignments were too difficult.,Negative
580,5,2,5,8,6,5,4,9,Concepts were explained in detail.,Neutral
216,5,9,8,2,4,8,9,10,Assignments were too difficult.,Negative
583,9,3,4,6,5,3,8,7,The presentations were very clear.,Positive
881,7,9,5,9,4,5,4,8,Support was excellent and motivating.,Positive
488,8,8,6,9,7,4,6,1,"Too many assignments, need balance.",Positive
892,5,8,8,9,6,9,10,6,Very satisfied with the teaching.,Positive
152,7,2,5,1,5,10,5,6,Could use more real-world examples.,Positive
925,7,10,6,7,9,10,1,3,Sometimes explanations were confusing.,Negative
729,9,9,8,7,5,4,5,5,Support was excellent and motivating.,Positive
647,5,5,8,8,9,6,9,8,Concepts were explained in detail.,Neutral
686,8,6,5,5,2,6,5,8,Very satisfied with the teaching.,Positive
93,9,10,6,4,9,6,7,8,Assignments were too difficult.,Negative
485,8,4,7,1,4,7,1,4,Could use more real-world examples.,Positive
59,5,8,5,6,10,3,4,10,Assignments were too difficult.,Negative
907,10,4,7,6,1,2,5,1,Great teaching style and very helpful!,Positive
158,10,6,5,6,2,10,3,8,Great teaching style and very helpful!,Positive
955,10,4,4,1,10,1,10,10,Could use more real-world examples.,Positive
758,8,3,7,7,9,6,7,5,Could use more real-world examples.,Positive
605,6,4,4,4,7,5,5,2,Concepts were explained in detail.,Neutral
475,10,6,4,9,3,1,6,7,Could use more real-world examples.,Positive
154,9,7,4,8,2,6,3,9,The presentations were very clear.,Positive
79,6,4,6,6,6,4,9,10,Assignments were too difficult.,Negative
36,10,6,5,2,1,9,9,6,Support was excellent and motivating.,Positive
562,6,3,6,7,8,7,4,1,"Overall, the course was relevant and useful.",Positive
231,10,7,8,1,3,3,3,3,Could use more real-world examples.,Positive
869,8,7,6,2,9,4,1,7,Sometimes explanations were confusing.,Negative
608,7,4,6,5,4,7,8,7,Great teaching style and very helpful!,Positive
846,10,7,7,4,7,10,7,1,The presentations were very clear.,Positive
542,10,4,7,7,2,2,5,9,Very satisfied with the teaching.,Positive
941,9,3,7,2,9,7,3,1,"Overall, the course was relevant and useful.",Positive
919,10,2,8,5,6,3,8,5,Support was excellent and motivating.,Positive
352,6,2,6,3,5,3,8,6,"Overall, the course was relevant and useful.",Positive
839,9,2,5,10,4,4,9,1,Could use more real-world examples.,Positive
266,8,8,5,6,6,8,2,2,Concepts were explained in detail.,Neutral
298,8,4,8,9,7,1,7,3,Great teaching style and very helpful!,Positive
929,10,2,6,1,1,9,9,7,Great teaching style and very helpful!,Positive
574,6,4,8,5,9,5,7,10,Very satisfied with the teaching.,Positive
250,5,7,7,3,1,6,3,1,Concepts were explained in detail.,Neutral
616,9,8,6,9,6,3,5,8,Assignments were too difficult.,Negative
164,8,5,7,10,8,9,10,1,"Too many assignments, need balance.",Positive
827,6,3,4,9,7,8,7,6,The presentations were very clear.,Positive
228,7,6,6,1,6,6,6,9,Great teaching style and very helpful!,Positive
787,10,10,5,10,1,9,3,8,Sometimes explanations were confusing.,Negative
317,8,8,4,1,10,10,9,1,Great teaching style and very helpful!,Positive
110,9,6,4,1,4,7,9,5,"Overall, the course was relevant and useful.",Positive
165,6,2,6,2,2,10,2,2,Great teaching style and very helpful!,Positive
701,5,9,7,1,9,9,1,9,Great teaching style and very helpful!,Positive
362,7,9,6,7,4,8,1,2,"Too many assignments, need balance.",Positive
890,8,7,5,3,9,1,4,5,"Too many assignments, need balance.",Positive
728,10,9,4,8,5,2,3,10,Support was excellent and motivating.,Positive
466,9,8,5,5,6,2,10,4,Assignments were too difficult.,Negative
709,9,3,6,4,4,8,10,1,Sometimes explanations were confusing.,Negative
482,10,3,4,3,10,1,8,5,Great teaching style and very helpful!,Positive
406,9,10,6,1,6,1,9,2,Great teaching style and very helpful!,Positive
66,8,5,8,7,6,1,9,9,The presentations were very clear.,Positive
862,6,5,6,5,7,2,10,8,"Too many assignments, need balance.",Positive
61,9,8,6,5,3,10,6,6,Sometimes explanations were confusing.,Negative
111,7,9,7,1,10,10,3,10,Very satisfied with the teaching.,Positive
147,6,8,4,6,9,6,8,7,Support was excellent and motivating.,Positive
211,7,4,4,3,7,8,7,10,Assignments were too difficult.,Negative
996,6,5,6,10,8,7,8,4,Concepts were explained in detail.,Neutral
459,8,5,8,6,6,1,8,4,Assignments were too difficult.,Negative
81,5,5,6,5,7,3,9,5,"Overall, the course was relevant and useful.",Positive
288,5,9,6,9,4,4,2,6,Great teaching style and very helpful!,Positive
6,7,10,8,3,3,4,1,2,Support was excellent and motivating.,Positive
547,6,6,8,5,1,2,2,8,"Overall, the course was relevant and useful.",Positive
30,6,2,7,5,1,10,9,10,Sometimes explanations were confusing.,Negative
445,9,4,4,2,4,8,1,6,Concepts were explained in detail.,Neutral
591,6,9,8,5,10,6,2,10,"Too many assignments, need balance.",Positive
770,10,10,5,7,10,7,7,10,Support was excellent and motivating.,Positive
484,9,6,8,10,3,2,8,4,Support was excellent and motivating.,Positive
180,8,4,4,1,6,9,6,1,Great teaching style and very helpful!,Positive
946,5,5,5,6,1,3,10,5,Could use more real-world examples.,Positive
901,9,8,6,1,2,9,8,2,Support was excellent and motivating.,Positive
517,10,5,7,7,5,10,6,5,The presentations were very clear.,Positive
545,9,4,8,1,8,6,2,4,Concepts were explained in detail.,Neutral
918,8,3,8,9,9,1,6,1,Concepts were explained in detail.,Neutral
652,8,3,4,8,3,2,2,3,The presentations were very clear.,Positive
471,10,10,4,8,2,2,4,7,Very satisfied with the teaching.,Positive
323,6,8,7,5,4,1,9,3,The presentations were very clear.,Positive
276,8,5,7,9,1,10,1,2,The presentations were very clear.,Positive
672,7,8,5,6,5,10,5,10,Concepts were explained in detail.,Neutral
337,10,7,6,8,9,5,1,1,Assignments were too difficult.,Negative
468,7,7,8,4,2,1,5,10,Concepts were explained in detail.,Neutral
380,8,8,4,8,2,4,9,2,Could use more real-world examples.,Positive
755,9,8,7,2,9,6,3,7,Great teaching style and very helpful!,Positive
267,8,9,4,4,8,4,8,1,"Overall, the course was relevant and useful.",Positive
598,9,3,4,9,3,4,5,1,Assignments were too difficult.,Negative
128,6,2,6,1,9,3,9,2,"Too many assignments, need balance.",Positive
444,8,2,6,10,7,2,4,8,"Overall, the course was relevant and useful.",Positive
572,6,5,4,4,8,6,8,9,Great teaching style and very helpful!,Positive
319,8,3,6,6,7,10,8,4,Could use more real-world examples.,Positive
390,8,6,7,5,1,4,3,9,Could use more real-world examples.,Positive
176,10,2,6,7,4,10,1,3,"Too many assignments, need balance.",Positive
883,7,4,4,2,8,6,7,4,Assignments were too difficult.,Negative
831,5,2,8,3,5,10,7,7,Very satisfied with the teaching.,Positive
220,10,5,8,7,9,7,2,7,The presentations were very clear.,Positive
17,7,6,5,3,9,5,5,2,Assignments were too difficult.,Negative
938,10,10,6,5,2,9,9,9,Very satisfied with the teaching.,Positive
651,8,7,6,3,9,10,6,1,Could use more real-world examples.,Positive
953,5,10,8,10,6,4,6,4,Concepts were explained in detail.,Neutral
902,5,8,6,10,4,5,5,9,Great teaching style and very helpful!,Positive
167,7,7,5,8,6,9,9,8,"Too many assignments, need balance.",Positive
669,9,3,4,5,2,2,1,6,Great teaching style and very helpful!,Positive
859,8,3,5,9,10,3,1,6,Sometimes explanations were confusing.,Negative
120,8,4,7,5,4,4,10,6,Sometimes explanations were confusing.,Negative
293,10,4,7,1,6,7,7,4,Assignments were too difficult.,Negative
789,10,2,8,7,9,8,1,4,Could use more real-world examples.,Positive
182,5,2,7,2,3,6,1,9,Could use more real-world examples.,Positive
369,10,5,4,4,3,7,4,10,The presentations were very clear.,Positive
207,6,8,6,7,9,7,2,5,The presentations were very clear.,Positive
842,10,7,5,3,3,6,4,6,The presentations were very clear.,Positive
38,5,8,7,6,10,8,9,5,Concepts were explained in detail.,Neutral
495,5,4,7,9,6,10,5,9,"Overall, the course was relevant and useful.",Positive
942,10,6,8,3,7,8,4,5,Support was excellent and motivating.,Positive
752,10,7,4,4,4,9,10,7,"Overall, the course was relevant and useful.",Positive
940,7,3,6,9,10,8,3,5,Great teaching style and very helpful!,Positive
648,5,7,7,9,6,3,10,3,"Overall, the course was relevant and useful.",Positive
125,6,2,4,5,9,7,7,7,Concepts were explained in detail.,Neutral
516,10,2,8,9,2,3,3,1,Great teaching style and very helpful!,Positive
963,9,6,4,5,3,3,6,6,"Overall, the course was relevant and useful.",Positive
215,5,6,6,2,1,9,5,8,Concepts were explained in detail.,Neutral
823,7,5,8,3,4,3,1,10,Support was excellent and motivating.,Positive
840,5,7,5,6,9,9,10,6,"Overall, the course was relevant and useful.",Positive
429,8,3,5,1,8,1,8,9,Concepts were explained in detail.,Neutral
109,6,3,5,6,1,6,6,10,The presentations were very clear.,Positive
795,6,9,8,4,2,6,10,6,Could use more real-world examples.,Positive
760,9,4,4,3,8,5,10,1,The presentations were very clear.,Positive
536,10,10,4,7,8,7,6,2,Could use more real-world examples.,Positive
888,6,6,5,2,3,6,6,3,"Too many assignments, need balance.",Positive
719,10,10,8,7,6,10,6,4,"Too many assignments, need balance.",Positive
654,6,4,4,9,5,8,8,2,"Too many assignments, need balance.",Positive
947,7,3,8,1,5,9,7,2,Support was excellent and motivating.,Positive
403,5,7,6,6,5,6,4,6,The presentations were very clear.,Positive
124,9,9,7,9,1,9,4,3,Could use more real-world examples.,Positive
548,9,8,6,7,1,2,7,6,Concepts were explained in detail.,Neutral
880,7,3,6,3,5,3,3,10,Great teaching style and very helpful!,Positive
939,10,10,7,4,1,2,3,9,Concepts were explained in detail.,Neutral
166,6,10,4,4,4,8,4,6,Great teaching style and very helpful!,Positive
885,5,6,7,7,2,2,5,7,Sometimes explanations were confusing.,Negative
112,7,9,6,9,1,7,1,2,Concepts were explained in detail.,Neutral
811,8,8,8,6,1,4,9,1,"Overall, the course was relevant and useful.",Positive
213,10,8,4,10,1,5,6,2,"Overall, the course was relevant and useful.",Positive
375,10,4,4,1,3,4,7,9,Assignments were too difficult.,Negative
897,6,7,4,1,9,8,8,7,The presentations were very clear.,Positive
460,7,8,5,6,7,7,6,7,Great teaching style and very helpful!,Positive
416,6,2,5,8,9,6,3,7,Great teaching style and very helpful!,Positive
571,8,9,7,3,1,8,9,7,The presentations were very clear.,Positive
744,8,5,7,3,10,4,6,7,Support was excellent and motivating.,Positive
378,9,8,7,2,4,7,2,6,Assignments were too difficult.,Negative
121,5,9,5,2,4,5,6,6,Support was excellent and motivating.,Positive
462,10,4,8,5,4,6,4,7,Support was excellent and motivating.,Positive
777,8,6,4,6,4,7,10,1,Support was excellent and motivating.,Positive
845,5,10,6,8,4,4,4,5,The presentations were very clear.,Positive
533,6,10,5,7,2,5,10,10,Support was excellent and motivating.,Positive
450,5,2,6,2,4,5,1,4,"Overall, the course was relevant and useful.",Positive
717,6,2,4,6,6,2,6,9,"Too many assignments, need balance.",Positive
469,10,8,6,1,3,5,8,10,Sometimes explanations were confusing.,Negative
670,7,7,8,1,6,1,2,1,Great teaching style and very helpful!,Positive
137,8,2,5,2,4,9,7,8,Great teaching style and very helpful!,Positive
801,10,7,4,3,6,1,10,4,Sometimes explanations were confusing.,Negative
315,5,10,5,10,8,4,8,4,The presentations were very clear.,Positive
153,7,7,5,3,8,9,8,9,Concepts were explained in detail.,Neutral
190,8,6,7,5,6,4,3,8,The presentations were very clear.,Positive
22,7,9,4,1,2,8,10,4,Great teaching style and very helpful!,Positive
949,9,8,7,1,7,6,9,4,Great teaching style and very helpful!,Positive
523,10,2,6,9,7,5,10,9,Sometimes explanations were confusing.,Negative
527,5,6,5,2,8,6,9,8,Support was excellent and motivating.,Positive
461,7,10,7,6,6,8,4,9,The presentations were very clear.,Positive
244,5,8,4,9,3,10,1,3,Could use more real-world examples.,Positive
363,9,3,8,10,2,7,5,1,Sometimes explanations were confusing.,Negative
610,8,10,6,8,2,1,5,1,"Overall, the course was relevant and useful.",Positive
381,9,2,8,8,1,9,1,2,Great teaching style and very helpful!,Positive
954,8,8,6,3,9,5,7,2,Sometimes explanations were confusing.,Negative
604,10,9,8,9,4,8,7,9,The presentations were very clear.,Positive
414,10,6,4,8,2,9,9,3,Great teaching style and very helpful!,Positive
151,8,7,5,10,8,3,8,6,Concepts were explained in detail.,Neutral
721,6,9,4,1,4,10,10,9,Sometimes explanations were confusing.,Negative
664,10,8,7,4,8,2,1,10,Assignments were too difficult.,Negative
956,7,2,6,5,2,3,8,7,Great teaching style and very helpful!,Positive
747,5,3,5,6,5,10,3,6,The presentations were very clear.,Positive
438,9,6,5,9,2,3,9,3,"Too many assignments, need balance.",Positive
975,5,10,4,8,7,6,8,3,Could use more real-world examples.,Positive
277,5,6,8,7,2,7,1,10,Very satisfied with the teaching.,Positive
312,7,2,7,6,6,3,7,2,Support was excellent and motivating.,Positive
565,10,9,7,10,4,8,5,4,Very satisfied with the teaching.,Positive
739,8,7,5,10,1,1,8,1,The presentations were very clear.,Positive
584,8,8,5,8,6,6,9,4,"Overall, the course was relevant and useful.",Positive
894,6,3,5,4,7,1,5,5,"Overall, the course was relevant and useful.",Positive
270,9,10,5,9,6,4,7,7,"Too many assignments, need balance.",Positive
966,7,4,5,3,1,8,10,2,Support was excellent and motivating.,Positive
489,7,2,5,8,1,1,8,8,Assignments were too difficult.,Negative
665,6,3,4,2,8,5,8,5,"Too many assignments, need balance.",Positive
71,9,10,8,4,9,3,8,2,Very satisfied with the teaching.,Positive
603,7,2,7,1,7,7,1,7,"Too many assignments, need balance.",Positive
196,8,10,8,10,6,7,7,7,Very satisfied with the teaching.,Positive
804,9,3,7,6,10,7,9,7,Great teaching style and very helpful!,Positive
837,5,10,4,1,4,8,9,1,"Overall, the course was relevant and useful.",Positive
530,6,5,4,9,1,2,3,6,Great teaching style and very helpful!,Positive
720,6,6,6,9,10,4,6,7,Could use more real-world examples.,Positive
272,5,4,6,4,4,7,7,9,Support was excellent and motivating.,Positive
984,5,10,6,4,2,10,4,6,Assignments were too difficult.,Negative
185,10,3,8,4,1,10,7,9,Very satisfied with the teaching.,Positive
487,6,6,4,2,10,10,1,9,Assignments were too difficult.,Negative
75,8,9,8,6,2,7,9,10,Very satisfied with the teaching.,Positive
718,6,3,6,7,6,6,2,6,The presentations were very clear.,Positive
496,10,7,4,6,10,5,3,6,"Too many assignments, need balance.",Positive
630,5,5,4,8,3,6,6,8,Could use more real-world examples.,Positive
637,8,10,5,6,10,8,2,2,"Overall, the course was relevant and useful.",Positive
360,9,9,8,2,3,1,8,6,Very satisfied with the teaching.,Positive
183,6,7,5,5,4,7,1,9,Assignments were too difficult.,Negative
689,10,8,7,8,1,9,5,10,Could use more real-world examples.,Positive
236,6,9,6,4,1,2,8,4,Concepts were explained in detail.,Neutral
768,6,6,6,3,5,9,8,3,Concepts were explained in detail.,Neutral
316,7,2,7,8,6,4,2,9,Great teaching style and very helpful!,Positive
396,6,10,4,6,1,2,4,10,"Overall, the course was relevant and useful.",Positive
212,6,4,4,6,5,10,10,2,The presentations were very clear.,Positive
830,9,7,7,10,7,8,6,4,Assignments were too difficult.,Negative
209,9,8,5,3,3,10,7,2,"Too many assignments, need balance.",Positive
62,7,4,4,5,3,10,2,1,"Too many assignments, need balance.",Positive
447,8,7,7,1,4,7,10,9,Assignments were too difficult.,Negative
100,6,6,6,10,7,5,7,8,Support was excellent and motivating.,Positive
305,10,8,8,4,6,3,10,4,The presentations were very clear.,Positive
494,10,6,6,6,4,10,2,9,Could use more real-world examples.,Positive
328,10,6,5,4,6,10,8,2,Very satisfied with the teaching.,Positive
854,8,2,8,4,6,2,4,7,Support was excellent and motivating.,Positive
866,5,10,4,8,3,7,4,5,Very satisfied with the teaching.,Positive
943,8,9,7,10,6,7,7,6,Very satisfied with the teaching.,Positive
734,9,8,5,3,10,1,8,3,Support was excellent and motivating.,Positive
189,9,3,6,2,3,8,10,7,Great teaching style and very helpful!,Positive
404,10,5,7,8,1,5,10,4,Concepts were explained in detail.,Neutral
518,7,4,8,5,7,9,2,6,Very satisfied with the teaching.,Positive
856,6,9,4,6,8,8,3,8,Support was excellent and motivating.,Positive
70,9,2,5,8,10,9,7,6,Support was excellent and motivating.,Positive
457,7,4,8,2,3,6,8,4,Sometimes explanations were confusing.,Negative
148,5,4,4,4,8,10,5,5,Great teaching style and very helpful!,Positive
958,10,10,5,8,5,10,7,8,"Overall, the course was relevant and useful.",Positive
356,7,3,7,6,4,2,1,10,Sometimes explanations were confusing.,Negative
793,10,9,6,4,7,6,8,3,Sometimes explanations were confusing.,Negative
771,8,7,6,4,8,7,3,2,Assignments were too difficult.,Negative
452,5,6,7,9,7,8,6,1,Concepts were explained in detail.,Neutral
72,8,7,7,3,4,1,4,7,Support was excellent and motivating.,Positive
710,7,2,6,5,7,7,6,10,Concepts were explained in detail.,Neutral
980,6,3,7,1,5,4,9,4,The presentations were very clear.,Positive
145,6,8,4,6,1,3,2,7,Assignments were too difficult.,Negative
960,6,9,6,1,3,3,5,8,"Overall, the course was relevant and useful.",Positive
660,5,7,7,3,10,3,3,4,Concepts were explained in detail.,Neutral
987,9,10,7,8,7,3,8,7,"Too many assignments, need balance.",Positive
534,9,5,7,5,2,6,10,8,Very satisfied with the teaching.,Positive
858,9,5,5,3,2,2,7,7,The presentations were very clear.,Positive
324,10,5,5,2,2,5,7,6,Great teaching style and very helpful!,Positive
884,7,4,7,10,5,1,7,4,"Overall, the course was relevant and useful.",Positive
611,8,9,5,3,9,5,8,3,The presentations were very clear.,Positive
136,8,6,7,10,9,9,2,3,Very satisfied with the teaching.,Positive
705,9,3,6,3,3,5,1,2,Assignments were too difficult.,Negative
991,7,4,5,8,9,8,5,1,Very satisfied with the teaching.,Positive
676,9,8,5,7,4,10,2,6,Sometimes explanations were confusing.,Negative
769,9,8,8,8,1,1,8,5,Very satisfied with the teaching.,Positive
246,7,10,8,8,4,10,3,8,Sometimes explanations were confusing.,Negative
644,9,6,8,2,7,6,4,6,Assignments were too difficult.,Negative
263,7,9,4,7,9,8,10,7,Could use more real-world examples.,Positive
476,9,4,6,4,8,6,4,10,Sometimes explanations were confusing.,Negative
697,7,7,6,1,8,10,5,2,Great teaching style and very helpful!,Positive
95,7,2,5,5,9,6,8,3,Very satisfied with the teaching.,Positive
688,8,6,7,5,6,1,4,10,Very satisfied with the teaching.,Positive
633,8,2,4,7,4,6,7,4,Great teaching style and very helpful!,Positive
241,8,3,8,8,10,1,8,6,"Too many assignments, need balance.",Positive
524,9,8,4,6,10,1,9,10,Support was excellent and motivating.,Positive
504,9,4,5,6,6,1,7,10,Could use more real-world examples.,Positive
417,9,6,7,9,5,1,7,2,"Overall, the course was relevant and useful.",Positive
554,6,6,8,2,4,6,4,10,Sometimes explanations were confusing.,Negative
656,6,2,7,2,5,6,9,9,Great teaching style and very helpful!,Positive
19,10,4,6,3,9,10,9,3,Assignments were too difficult.,Negative
275,8,5,4,9,5,5,8,10,Sometimes explanations were confusing.,Negative
478,5,10,7,6,8,7,3,9,Support was excellent and motivating.,Positive
132,6,9,5,8,10,3,2,10,Assignments were too difficult.,Negative
515,8,3,5,10,3,4,9,4,The presentations were very clear.,Positive
44,8,9,5,3,6,9,4,9,Very satisfied with the teaching.,Positive
388,6,10,4,5,6,4,4,9,The presentations were very clear.,Positive
204,8,7,6,3,3,10,3,6,Sometimes explanations were confusing.,Negative
338,5,2,4,6,9,10,9,4,Support was excellent and motivating.,Positive
619,8,7,6,4,3,9,3,8,Could use more real-world examples.,Positive
205,8,4,4,2,1,7,9,7,Sometimes explanations were confusing.,Negative
39,7,3,7,10,6,4,8,2,Great teaching style and very helpful!,Positive
53,5,8,5,1,10,8,5,7,Concepts were explained in detail.,Neutral
58,9,3,7,1,2,3,10,7,Sometimes explanations were confusing.,Negative
157,9,6,8,2,8,4,4,3,Very satisfied with the teaching.,Positive
28,8,6,6,9,9,9,4,7,Very satisfied with the teaching.,Positive
833,8,6,7,7,7,9,10,9,Sometimes explanations were confusing.,Negative
252,8,9,4,6,10,2,7,5,Assignments were too difficult.,Negative
658,8,5,6,7,10,4,6,4,Concepts were explained in detail.,Neutral
179,6,3,7,6,2,6,5,2,Great teaching style and very helpful!,Positive
851,9,6,4,10,2,1,3,10,Sometimes explanations were confusing.,Negative
809,7,8,7,5,10,2,8,8,Assignments were too difficult.,Negative
330,7,7,5,7,9,10,2,2,Very satisfied with the teaching.,Positive
94,10,10,4,7,8,2,4,4,Very satisfied with the teaching.,Positive
826,10,5,7,2,8,7,10,5,Support was excellent and motivating.,Positive
227,9,3,6,4,7,4,4,7,Sometimes explanations were confusing.,Negative
1000,9,8,5,4,10,7,7,10,Concepts were explained in detail.,Neutral
114,10,9,7,1,8,4,4,2,"Too many assignments, need balance.",Positive
251,5,9,6,9,6,4,5,2,Concepts were explained in detail.,Neutral
613,5,6,6,3,9,4,2,9,Very satisfied with the teaching.,Positive
101,10,5,6,6,9,8,10,3,Very satisfied with the teaching.,Positive
871,7,8,7,10,10,7,2,2,The presentations were very clear.,Positive
551,6,3,5,7,3,1,9,10,Very satisfied with the teaching.,Positive
931,6,5,7,3,6,5,6,10,Great teaching style and very helpful!,Positive
49,8,7,8,8,1,1,8,3,"Overall, the course was relevant and useful.",Positive
512,5,10,7,9,9,9,6,9,Sometimes explanations were confusing.,Negative
261,9,9,7,7,4,10,5,9,Concepts were explained in detail.,Neutral
754,6,9,4,4,3,10,2,10,"Overall, the course was relevant and useful.",Positive
345,8,2,8,9,10,10,9,5,Assignments were too difficult.,Negative
970,10,9,5,7,6,7,4,7,"Too many assignments, need balance.",Positive
990,6,9,6,4,9,5,10,8,Great teaching style and very helpful!,Positive
911,6,4,4,10,9,4,7,2,Concepts were explained in detail.,Neutral
909,9,8,5,9,5,6,9,7,"Overall, the course was relevant and useful.",Positive
817,6,5,7,10,10,4,6,6,"Too many assignments, need balance.",Positive
733,10,10,5,1,4,1,3,4,The presentations were very clear.,Positive
626,7,9,5,4,9,4,3,1,Great teaching style and very helpful!,Positive
292,7,9,8,1,5,4,7,4,Great teaching style and very helpful!,Positive
82,5,10,8,4,4,10,5,5,The presentations were very clear.,Positive
355,10,8,5,6,5,10,1,8,Sometimes explanations were confusing.,Negative
948,9,5,4,7,9,3,5,7,The presentations were very clear.,Positive
341,9,4,4,4,7,5,5,8,Great teaching style and very helpful!,Positive
952,7,9,5,7,8,8,10,5,Great teaching style and very helpful!,Positive
711,7,3,4,6,3,7,6,4,"Overall, the course was relevant and useful.",Positive
635,7,3,8,6,7,4,10,5,Very satisfied with the teaching.,Positive
850,5,8,7,4,8,7,8,6,"Too many assignments, need balance.",Positive
716,6,3,7,9,2,3,3,6,The presentations were very clear.,Positive
627,10,2,4,1,6,5,9,5,"Too many assignments, need balance.",Positive
661,6,10,4,3,8,2,7,6,The presentations were very clear.,Positive
877,8,9,4,5,10,10,10,2,Assignments were too difficult.,Negative
177,8,2,6,2,8,1,9,9,Great teaching style and very helpful!,Positive
322,8,10,7,3,3,3,1,5,Very satisfied with the teaching.,Positive
914,9,2,4,2,4,2,2,9,"Overall, the course was relevant and useful.",Positive
486,10,9,5,1,4,10,6,9,Very satisfied with the teaching.,Positive
723,6,10,5,3,10,3,6,4,Very satisfied with the teaching.,Positive
105,9,10,5,1,3,1,1,2,Very satisfied with the teaching.,Positive
52,6,10,4,1,7,3,10,2,"Too many assignments, need balance.",Positive
436,9,9,4,10,1,10,10,2,The presentations were very clear.,Positive
829,6,9,5,3,2,2,10,9,Could use more real-world examples.,Positive
753,5,10,8,7,5,10,9,7,Assignments were too difficult.,Negative
130,7,9,5,9,3,2,5,4,Concepts were explained in detail.,Neutral
91,6,5,4,2,5,8,3,3,Very satisfied with the teaching.,Positive
590,10,3,4,4,9,9,6,2,Sometimes explanations were confusing.,Negative
965,10,3,4,5,10,3,7,3,"Too many assignments, need balance.",Positive
99,8,9,6,2,2,3,10,6,"Overall, the course was relevant and useful.",Positive
912,7,10,7,10,2,7,5,7,Concepts were explained in detail.,Neutral
395,9,6,8,2,7,9,8,10,Could use more real-world examples.,Positive
923,6,3,5,6,9,4,10,3,Sometimes explanations were confusing.,Negative
499,7,9,8,3,5,1,5,2,Could use more real-world examples.,Positive
115,5,5,7,1,3,8,1,10,Concepts were explained in detail.,Neutral
815,5,9,6,6,2,9,5,3,Very satisfied with the teaching.,Positive
570,10,10,6,8,9,2,8,10,Sometimes explanations were confusing.,Negative
825,9,7,8,1,3,2,9,3,Could use more real-world examples.,Positive
620,9,5,8,2,8,10,8,8,"Overall, the course was relevant and useful.",Positive
175,10,9,8,2,1,6,7,2,The presentations were very clear.,Positive
358,5,7,4,3,3,10,3,4,Great teaching style and very helpful!,Positive
191,7,4,5,2,5,10,4,7,The presentations were very clear.,Positive
492,6,5,8,10,3,8,3,2,Concepts were explained in detail.,Neutral
529,9,6,6,1,4,10,1,7,"Too many assignments, need balance.",Positive
389,5,5,8,6,2,3,5,7,Great teaching style and very helpful!,Positive
878,6,5,8,4,10,3,9,10,Assignments were too difficult.,Negative
368,7,9,8,3,2,7,4,1,"Overall, the course was relevant and useful.",Positive
122,7,5,5,3,9,6,9,2,Assignments were too difficult.,Negative
332,9,2,7,2,8,7,4,10,Sometimes explanations were confusing.,Negative
303,7,4,5,4,7,2,1,6,Great teaching style and very helpful!,Positive
336,8,10,4,5,6,7,2,3,Assignments were too difficult.,Negative
588,6,6,4,10,10,10,3,9,Assignments were too difficult.,Negative
609,10,9,4,4,1,5,9,10,Could use more real-world examples.,Positive
920,10,6,7,10,10,2,4,2,The presentations were very clear.,Positive
370,9,4,7,10,1,10,2,7,Could use more real-world examples.,Positive
405,10,2,5,5,5,1,4,6,Great teaching style and very helpful!,Positive
779,10,8,6,3,8,8,7,8,Great teaching style and very helpful!,Positive
962,10,6,4,5,1,7,1,10,Concepts were explained in detail.,Neutral
268,10,6,5,9,9,1,8,6,Could use more real-world examples.,Positive
625,10,7,6,7,9,6,3,3,Support was excellent and motivating.,Positive
217,8,9,8,3,8,5,5,5,The presentations were very clear.,Positive
479,10,10,4,6,5,9,2,3,Great teaching style and very helpful!,Positive
500,9,5,8,4,2,2,5,1,Concepts were explained in detail.,Neutral
409,8,9,7,3,10,4,6,1,Could use more real-world examples.,Positive
546,7,7,5,1,9,8,1,1,The presentations were very clear.,Positive
967,5,5,8,8,1,9,8,5,Could use more real-world examples.,Positive
343,8,4,7,1,10,8,2,6,Assignments were too difficult.,Negative
639,7,4,7,7,6,10,5,7,Concepts were explained in detail.,Neutral
402,6,8,6,9,4,8,5,7,The presentations were very clear.,Positive
617,5,7,5,4,7,1,10,6,Very satisfied with the teaching.,Positive
349,6,8,8,2,9,9,2,8,Sometimes explanations were confusing.,Negative
994,8,5,5,2,5,5,9,5,Sometimes explanations were confusing.,Negative
279,5,10,7,1,4,4,9,4,The presentations were very clear.,Positive
926,10,7,5,1,1,6,6,1,Could use more real-world examples.,Positive
816,10,8,5,9,2,7,9,3,Concepts were explained in detail.,Neutral
765,8,7,8,5,7,7,7,7,Sometimes explanations were confusing.,Negative
160,10,6,5,4,2,10,4,7,Concepts were explained in detail.,Neutral
606,8,3,8,1,6,4,8,9,Sometimes explanations were confusing.,Negative
602,5,3,6,2,8,10,3,1,Assignments were too difficult.,Negative
893,10,6,8,1,1,10,1,3,Could use more real-world examples.,Positive
810,9,6,7,3,5,9,10,5,Assignments were too difficult.,Negative
802,8,2,6,6,3,8,7,7,Sometimes explanations were confusing.,Negative
162,6,2,5,2,10,2,8,8,Very satisfied with the teaching.,Positive
449,5,7,8,9,3,2,7,10,Very satisfied with the teaching.,Positive
463,7,8,7,8,1,4,4,1,Assignments were too difficult.,Negative
41,5,3,5,9,3,1,8,8,Very satisfied with the teaching.,Positive
838,6,3,6,8,7,1,8,8,Sometimes explanations were confusing.,Negative
703,10,7,8,3,4,7,9,8,The presentations were very clear.,Positive
490,9,2,6,10,9,8,2,4,Assignments were too difficult.,Negative
906,7,7,8,4,5,2,4,5,"Too many assignments, need balance.",Positive
174,7,3,6,7,10,10,2,3,Could use more real-world examples.,Positive
4,5,8,5,7,10,7,3,1,Very satisfied with the teaching.,Positive
161,6,7,8,3,5,10,6,4,Very satisfied with the teaching.,Positive
31,5,4,5,9,9,2,4,1,Great teaching style and very helpful!,Positive
623,6,4,6,6,10,10,3,9,Support was excellent and motivating.,Positive
818,10,5,4,9,2,6,2,6,Assignments were too difficult.,Negative
60,5,6,5,3,1,7,5,3,"Overall, the course was relevant and useful.",Positive
384,6,2,7,9,4,4,2,8,Very satisfied with the teaching.,Positive
971,7,6,7,4,6,6,7,9,Could use more real-world examples.,Positive
427,7,3,7,2,9,8,8,7,"Too many assignments, need balance.",Positive
431,10,9,4,3,3,9,4,1,Very satisfied with the teaching.,Positive
408,6,5,4,7,1,8,6,7,"Too many assignments, need balance.",Positive
577,10,7,4,10,7,2,5,1,Sometimes explanations were confusing.,Negative
803,6,10,8,5,6,5,6,7,Sometimes explanations were confusing.,Negative
273,9,3,7,1,5,3,8,4,Support was excellent and motivating.,Positive
371,6,3,4,9,4,10,4,10,The presentations were very clear.,Positive
999,6,7,8,8,9,9,9,5,"Overall, the course was relevant and useful.",Positive
595,10,5,5,4,10,4,4,4,Great teaching style and very helpful!,Positive
63,8,8,7,4,4,4,8,2,Support was excellent and motivating.,Positive
899,5,4,7,7,2,6,1,1,Concepts were explained in detail.,Neutral
0,7,4,8,2,1,4,8,3,Great teaching style and very helpful!,Positive
796,7,9,6,2,7,7,6,8,Assignments were too difficult.,Negative
181,10,10,4,2,1,5,3,1,Could use more real-world examples.,Positive
290,6,7,6,4,2,8,9,7,Concepts were explained in detail.,Neutral
373,6,4,8,10,5,3,10,10,Concepts were explained in detail.,Neutral
285,6,10,5,7,3,3,5,1,Support was excellent and motivating.,Positive
882,6,3,4,1,7,5,4,2,The presentations were very clear.,Positive
776,8,3,7,6,3,7,6,7,Support was excellent and motivating.,Positive
935,10,9,7,2,8,2,1,2,Assignments were too difficult.,Negative
679,10,6,4,5,10,9,6,7,Very satisfied with the teaching.,Positive
102,7,4,6,3,5,7,5,5,Very satisfied with the teaching.,Positive
618,5,8,6,9,3,8,7,9,The presentations were very clear.,Positive
607,8,4,4,10,10,8,3,7,Assignments were too difficult.,Negative
743,9,7,7,10,1,5,5,10,The presentations were very clear.,Positive
682,8,5,8,9,2,10,3,4,"Too many assignments, need balance.",Positive
16,5,3,6,6,5,8,8,2,Very satisfied with the teaching.,Positive
969,8,6,8,10,2,1,3,2,Concepts were explained in detail.,Neutral
46,8,4,4,9,5,7,4,8,"Overall, the course was relevant and useful.",Positive
706,6,8,7,9,8,6,4,1,Could use more real-world examples.,Positive
993,9,9,4,1,5,2,9,9,Assignments were too difficult.,Negative
508,10,6,5,8,8,5,7,10,Great teaching style and very helpful!,Positive
989,8,4,5,4,8,6,7,3,The presentations were very clear.,Positive
133,10,4,7,3,5,4,4,5,Could use more real-world examples.,Positive
15,8,9,8,3,6,10,2,3,Great teaching style and very helpful!,Positive
78,10,9,6,8,10,7,7,8,Could use more real-world examples.,Positive
433,6,6,8,4,8,9,4,1,"Overall, the course was relevant and useful.",Positive
784,7,7,4,3,7,8,6,10,Great teaching style and very helpful!,Positive
983,5,2,4,1,9,4,3,2,Support was excellent and motivating.,Positive
197,9,3,5,9,8,2,4,10,Sometimes explanations were confusing.,Negative
483,8,2,6,2,10,2,2,5,Support was excellent and motivating.,Positive
376,5,5,5,8,8,4,6,10,Very satisfied with the teaching.,Positive
915,10,7,4,6,9,4,9,5,Sometimes explanations were confusing.,Negative
210,6,5,7,9,5,1,2,4,Support was excellent and motivating.,Positive
20,8,4,5,1,10,10,7,5,Sometimes explanations were confusing.,Negative
425,5,9,8,1,10,8,10,10,Sometimes explanations were confusing.,Negative
668,6,3,6,1,2,10,9,3,Concepts were explained in detail.,Neutral
54,7,2,5,1,5,3,1,3,The presentations were very clear.,Positive
950,7,2,7,10,5,3,4,7,The presentations were very clear.,Positive
782,6,7,4,2,2,1,3,8,Concepts were explained in detail.,Neutral
108,5,5,7,5,10,7,3,9,Could use more real-world examples.,Positive
400,9,4,5,5,8,10,6,10,"Too many assignments, need balance.",Positive
685,10,9,7,3,1,6,6,4,Could use more real-world examples.,Positive
673,9,3,4,4,7,9,8,4,Great teaching style and very helpful!,Positive
198,6,7,7,7,3,5,4,3,Great teaching style and very helpful!,Positive
14,5,5,8,9,7,5,2,1,Sometimes explanations were confusing.,Negative
172,6,5,8,3,4,3,10,3,Support was excellent and motivating.,Positive
359,5,6,7,6,9,5,1,5,Support was excellent and motivating.,Positive
714,10,5,5,5,7,5,7,9,The presentations were very clear.,Positive
785,7,6,7,1,7,5,5,9,Assignments were too difficult.,Negative
865,8,4,6,2,7,5,2,7,Could use more real-world examples.,Positive
662,10,6,4,5,1,9,6,3,Very satisfied with the teaching.,Positive
513,9,10,7,7,9,2,10,1,"Overall, the course was relevant and useful.",Positive
722,7,10,5,5,4,9,6,7,Support was excellent and motivating.,Positive
8,6,7,6,10,6,9,9,10,"Overall, the course was relevant and useful.",Positive
873,10,10,4,5,9,10,2,5,Sometimes explanations were confusing.,Negative
684,10,3,7,4,4,5,1,10,"Overall, the course was relevant and useful.",Positive
73,7,2,5,6,3,1,1,4,Very satisfied with the teaching.,Positive
900,9,8,5,8,4,6,9,7,Concepts were explained in detail.,Neutral
933,6,9,4,8,7,10,3,5,Very satisfied with the teaching.,Positive
634,6,7,6,6,1,6,3,8,"Overall, the course was relevant and useful.",Positive
835,8,2,7,8,3,4,3,4,Very satisfied with the teaching.,Positive
422,9,8,4,4,8,3,4,10,"Too many assignments, need balance.",Positive
235,6,2,8,8,6,3,3,1,Sometimes explanations were confusing.,Negative
286,10,3,7,10,8,8,4,9,Could use more real-world examples.,Positive
129,7,3,4,9,1,4,4,9,Concepts were explained in detail.,Neutral
443,7,9,8,2,4,5,1,5,Support was excellent and motivating.,Positive
301,10,7,7,4,3,4,9,2,Great teaching style and very helpful!,Positive
532,10,2,4,2,2,6,10,9,Could use more real-world examples.,Positive
64,6,2,8,1,8,4,8,4,Great teaching style and very helpful!,Positive
860,10,8,4,3,7,1,4,5,Sometimes explanations were confusing.,Negative
559,8,4,4,6,5,5,1,7,Concepts were explained in detail.,Neutral
311,7,5,6,8,4,9,8,9,The presentations were very clear.,Positive
32,9,3,7,7,6,1,9,2,Support was excellent and motivating.,Positive
296,10,7,4,2,2,10,10,8,"Too many assignments, need balance.",Positive
419,10,2,5,8,5,3,3,10,The presentations were very clear.,Positive
83,10,6,6,1,8,1,3,9,Sometimes explanations were confusing.,Negative
594,7,2,7,6,7,2,3,6,Could use more real-world examples.,Positive
501,5,2,8,4,7,6,10,4,"Too many assignments, need balance.",Positive
411,8,4,4,4,8,4,3,1,Very satisfied with the teaching.,Positive
824,10,7,7,9,4,9,9,8,"Overall, the course was relevant and useful.",Positive
585,7,6,8,2,4,7,10,9,"Too many assignments, need balance.",Positive
848,9,9,6,1,9,2,8,6,Sometimes explanations were confusing.,Negative
299,10,8,5,5,4,3,1,9,Assignments were too difficult.,Negative
107,9,4,8,6,10,4,5,9,"Overall, the course was relevant and useful.",Positive
119,9,10,5,1,9,6,7,6,Great teaching style and very helpful!,Positive
335,5,3,4,2,8,4,7,6,Support was excellent and motivating.,Positive
557,5,5,8,2,4,10,6,1,Great teaching style and very helpful!,Positive
113,5,6,7,1,10,6,4,7,"Too many assignments, need balance.",Positive
281,5,6,6,3,4,1,1,1,Great teaching style and very helpful!,Positive
836,9,3,4,6,6,3,2,7,Sometimes explanations were confusing.,Negative
426,9,8,7,8,10,6,9,8,Very satisfied with the teaching.,Positive
42,8,2,4,6,6,7,3,1,Could use more real-world examples.,Positive
567,9,3,8,1,4,9,10,9,Support was excellent and motivating.,Positive
589,5,8,7,5,6,7,8,9,Great teaching style and very helpful!,Positive
187,5,5,6,2,6,1,8,5,Great teaching style and very helpful!,Positive
615,5,6,7,9,1,1,1,5,"Too many assignments, need balance.",Positive
556,9,9,5,5,1,3,6,10,Could use more real-world examples.,Positive
3,9,6,5,9,10,5,5,4,The presentations were very clear.,Positive
667,9,9,6,2,1,3,10,2,Great teaching style and very helpful!,Positive
234,7,2,4,5,1,8,7,2,Sometimes explanations were confusing.,Negative
96,6,6,5,10,8,10,5,2,Assignments were too difficult.,Negative
691,7,7,8,8,5,4,8,2,Support was excellent and motivating.,Positive
269,9,10,6,10,10,1,9,10,Great teaching style and very helpful!,Positive
566,8,10,6,10,7,6,6,1,Sometimes explanations were confusing.,Negative
985,5,5,4,8,7,6,7,3,Sometimes explanations were confusing.,Negative
437,7,2,6,7,5,8,1,8,Support was excellent and motivating.,Positive
200,8,4,8,6,8,4,7,1,The presentations were very clear.,Positive
291,10,3,7,8,2,10,3,3,Sometimes explanations were confusing.,Negative
612,8,9,8,7,1,2,8,4,Assignments were too difficult.,Negative
448,6,7,7,9,2,9,2,5,Sometimes explanations were confusing.,Negative
439,6,8,7,7,7,4,5,4,Sometimes explanations were confusing.,Negative
573,5,5,5,8,8,9,8,2,Sometimes explanations were confusing.,Negative
7,5,8,5,6,2,10,4,8,Very satisfied with the teaching.,Positive
725,5,10,8,4,3,5,1,6,Very satisfied with the teaching.,Positive
50,9,8,6,7,1,6,7,4,The presentations were very clear.,Positive
423,7,9,5,10,10,7,7,3,Great teaching style and very helpful!,Positive
140,7,10,6,8,6,10,9,6,Sometimes explanations were confusing.,Negative
135,8,9,7,3,6,10,2,9,Could use more real-world examples.,Positive
786,5,4,7,5,5,6,7,1,Great teaching style and very helpful!,Positive
601,8,9,4,5,4,3,1,10,The presentations were very clear.,Positive
493,9,4,4,9,4,3,6,7,Concepts were explained in detail.,Neutral
553,7,2,4,7,3,5,1,3,Great teaching style and very helpful!,Positive
27,7,3,5,5,5,1,8,6,Great teaching style and very helpful!,Positive
257,8,5,6,4,4,1,5,4,"Overall, the course was relevant and useful.",Positive
225,10,4,5,9,3,6,9,4,"Too many assignments, need balance.",Positive
788,6,5,6,3,10,4,3,8,"Overall, the course was relevant and useful.",Positive
37,8,9,5,3,4,3,5,2,Assignments were too difficult.,Negative
170,5,10,7,2,8,5,9,5,Very satisfied with the teaching.,Positive
528,9,2,5,2,6,5,1,6,Very satisfied with the teaching.,Positive
600,7,8,6,10,6,7,7,6,"Too many assignments, need balance.",Positive
655,7,8,5,4,1,6,6,8,Support was excellent and motivating.,Positive
74,8,8,6,1,2,5,2,6,Support was excellent and motivating.,Positive
505,9,6,8,5,8,4,7,6,The presentations were very clear.,Positive
377,5,5,7,3,9,6,1,4,"Too many assignments, need balance.",Positive
808,8,6,4,5,1,8,8,3,Great teaching style and very helpful!,Positive
366,9,9,8,2,1,10,5,2,Support was excellent and motivating.,Positive
238,8,7,5,10,10,9,7,10,Sometimes explanations were confusing.,Negative
255,9,10,7,10,3,2,7,8,Could use more real-world examples.,Positive
123,10,2,4,5,9,8,3,5,Great teaching style and very helpful!,Positive
663,6,2,8,2,5,7,5,7,Assignments were too difficult.,Negative
876,6,7,4,4,9,2,5,9,Sometimes explanations were confusing.,Negative
690,5,10,8,4,2,7,9,6,Sometimes explanations were confusing.,Negative
309,5,8,4,9,2,1,4,5,"Too many assignments, need balance.",Positive
693,7,9,8,1,5,10,3,7,The presentations were very clear.,Positive
226,7,6,8,8,8,5,8,8,Assignments were too difficult.,Negative
951,10,10,7,10,5,9,7,1,Support was excellent and motivating.,Positive
260,9,3,7,4,7,2,8,3,"Too many assignments, need balance.",Positive
243,9,8,8,8,4,10,8,9,Support was excellent and motivating.,Positive
222,5,4,4,2,7,9,5,3,"Too many assignments, need balance.",Positive
314,5,10,6,8,6,6,10,4,"Too many assignments, need balance.",Positive
229,7,6,8,2,2,10,8,8,"Too many assignments, need balance.",Positive
85,5,6,8,9,3,4,4,4,The presentations were very clear.,Positive
76,8,9,8,6,3,10,7,2,"Too many assignments, need balance.",Positive
887,6,9,5,8,9,7,6,2,Concepts were explained in detail.,Neutral
582,8,4,7,8,1,5,9,3,Could use more real-world examples.,Positive
674,8,5,6,8,7,10,2,7,Support was excellent and motivating.,Positive
986,7,2,6,2,4,7,10,7,Great teaching style and very helpful!,Positive
511,8,4,4,5,2,10,10,6,"Overall, the course was relevant and useful.",Positive
879,6,10,5,10,9,5,5,4,Assignments were too difficult.,Negative
401,8,10,7,2,8,10,8,9,Very satisfied with the teaching.,Positive
514,6,6,7,10,7,7,6,3,The presentations were very clear.,Positive
750,10,3,8,1,5,1,3,5,Great teaching style and very helpful!,Positive
156,7,4,7,9,10,8,5,8,Sometimes explanations were confusing.,Negative
775,5,6,7,2,5,4,1,4,Concepts were explained in detail.,Neutral
329,9,8,8,5,3,3,10,8,Very satisfied with the teaching.,Positive
467,8,10,5,7,7,1,3,6,"Overall, the course was relevant and useful.",Positive
178,7,7,4,7,1,2,1,2,Great teaching style and very helpful!,Positive
549,5,3,7,6,8,8,5,5,Very satisfied with the teaching.,Positive
453,8,4,4,4,2,8,1,4,Great teaching style and very helpful!,Positive
307,6,9,5,1,6,5,3,5,Concepts were explained in detail.,Neutral
472,6,8,7,7,9,9,2,3,"Overall, the course was relevant and useful.",Positive
392,7,7,4,9,7,10,8,4,Sometimes explanations were confusing.,Negative
65,6,4,4,6,3,10,8,3,"Too many assignments, need balance.",Positive
575,9,4,7,7,1,1,5,1,Support was excellent and motivating.,Positive
855,8,3,6,4,1,1,9,7,Sometimes explanations were confusing.,Negative
791,5,9,4,4,1,4,10,9,"Too many assignments, need balance.",Positive
391,5,3,7,6,7,6,9,4,The presentations were very clear.,Positive
973,6,3,4,6,4,6,6,9,Could use more real-world examples.,Positive
828,8,3,5,2,9,5,6,3,Assignments were too difficult.,Negative
247,6,9,6,5,2,2,3,7,Assignments were too difficult.,Negative
412,9,2,5,8,7,2,10,4,Support was excellent and motivating.,Positive
67,7,9,4,3,9,1,1,2,"Overall, the course was relevant and useful.",Positive
289,5,2,5,8,9,2,7,2,Concepts were explained in detail.,Neutral
399,10,6,4,8,6,5,10,4,"Overall, the course was relevant and useful.",Positive
138,8,5,8,8,10,4,2,6,Concepts were explained in detail.,Neutral
537,10,6,4,9,9,5,7,5,"Overall, the course was relevant and useful.",Positive
265,5,9,7,6,5,6,5,3,Could use more real-world examples.,Positive
724,5,2,6,1,7,3,3,1,The presentations were very clear.,Positive
653,5,6,5,6,6,3,9,2,The presentations were very clear.,Positive
318,6,8,5,10,6,7,10,8,"Too many assignments, need balance.",Positive
232,6,8,5,5,1,1,7,8,Very satisfied with the teaching.,Positive
21,9,7,5,3,6,6,1,6,The presentations were very clear.,Positive
998,9,7,5,1,2,2,1,10,The presentations were very clear.,Positive
694,9,8,8,10,7,7,7,2,Sometimes explanations were confusing.,Negative
927,6,2,6,2,10,3,6,4,Sometimes explanations were confusing.,Negative
348,7,9,5,6,5,5,8,6,"Too many assignments, need balance.",Positive
968,6,7,6,3,8,1,9,3,Very satisfied with the teaching.,Positive
992,10,6,4,3,8,6,10,3,Support was excellent and motivating.,Positive
764,9,3,7,6,3,8,10,2,Sometimes explanations were confusing.,Negative
587,5,4,8,2,2,2,4,10,Support was excellent and motivating.,Positive
944,10,8,6,8,8,7,9,6,Great teaching style and very helpful!,Positive
239,5,10,4,3,2,7,4,4,Sometimes explanations were confusing.,Negative
886,7,7,5,5,10,1,9,9,Could use more real-world examples.,Positive
23,9,7,4,2,1,2,9,3,Very satisfied with the teaching.,Positive
458,6,2,4,6,6,10,4,1,"Too many assignments, need balance.",Positive
822,6,2,7,1,5,4,1,10,Great teaching style and very helpful!,Positive
413,7,10,4,2,3,1,10,1,Very satisfied with the teaching.,Positive
563,7,4,8,8,7,3,3,10,Could use more real-world examples.,Positive
331,8,8,7,5,10,4,7,5,Very satisfied with the teaching.,Positive
434,7,7,7,6,1,8,9,6,Could use more real-world examples.,Positive
456,10,4,8,6,5,1,10,1,Could use more real-world examples.,Positive
430,9,6,4,9,8,6,4,3,Support was excellent and motivating.,Positive
896,6,8,7,5,4,4,5,5,"Overall, the course was relevant and useful.",Positive
451,9,3,6,10,7,8,9,10,Great teaching style and very helpful!,Positive
477,5,2,5,6,10,6,10,8,Very satisfied with the teaching.,Positive
9,7,5,4,5,1,3,5,6,Concepts were explained in detail.,Neutral
325,7,5,7,6,1,5,8,6,Great teaching style and very helpful!,Positive
812,9,5,4,4,2,4,2,6,"Overall, the course was relevant and useful.",Positive
727,7,2,6,4,2,10,9,5,Great teaching style and very helpful!,Positive
928,6,7,6,9,4,8,5,8,The presentations were very clear.,Positive
134,9,9,7,4,7,10,8,3,Concepts were explained in detail.,Neutral
819,6,7,8,8,9,10,2,2,"Overall, the course was relevant and useful.",Positive
230,7,2,8,2,6,1,9,2,Support was excellent and motivating.,Positive
520,9,3,5,6,7,10,10,3,Very satisfied with the teaching.,Positive
326,7,10,8,8,6,4,9,7,Assignments were too difficult.,Negative
142,6,8,4,10,8,5,8,6,"Overall, the course was relevant and useful.",Positive
491,5,4,8,6,1,3,4,4,"Too many assignments, need balance.",Positive
379,7,5,6,2,9,7,3,10,Very satisfied with the teaching.,Positive
465,5,2,8,8,6,8,2,4,"Overall, the course was relevant and useful.",Positive
756,6,7,7,3,2,6,9,7,The presentations were very clear.,Positive
347,6,8,7,3,5,1,2,8,Assignments were too difficult.,Negative
237,10,4,5,8,7,8,2,8,The presentations were very clear.,Positive
642,5,7,6,8,9,6,6,7,Assignments were too difficult.,Negative
506,9,7,4,1,5,7,5,1,"Too many assignments, need balance.",Positive
646,7,8,5,4,7,8,8,8,Very satisfied with the teaching.,Positive
382,10,10,7,5,2,3,6,3,Support was excellent and motivating.,Positive
256,6,7,4,5,9,8,6,5,The presentations were very clear.,Positive
327,8,8,5,10,2,1,10,5,The presentations were very clear.,Positive
624,7,3,7,10,2,1,8,8,Could use more real-world examples.,Positive
155,8,8,8,10,3,9,7,3,Assignments were too difficult.,Negative
578,8,10,7,4,5,8,7,6,Sometimes explanations were confusing.,Negative
640,10,9,4,10,2,4,3,1,Very satisfied with the teaching.,Positive
997,9,8,8,6,8,3,3,10,Assignments were too difficult.,Negative
242,7,9,5,4,5,9,1,4,Could use more real-world examples.,Positive
344,7,6,8,9,8,3,8,5,Great teaching style and very helpful!,Positive
699,9,5,4,8,4,2,2,8,Assignments were too difficult.,Negative
77,9,4,5,9,2,1,5,10,Support was excellent and motivating.,Positive
821,8,9,5,5,8,9,4,9,Very satisfied with the teaching.,Positive
903,9,8,8,8,4,8,4,1,Could use more real-world examples.,Positive
540,9,10,7,3,2,4,4,5,Great teaching style and very helpful!,Positive
596,5,8,7,7,1,2,10,3,Concepts were explained in detail.,Neutral
169,8,2,6,3,3,6,9,3,Could use more real-world examples.,Positive
526,9,5,5,5,2,6,4,9,Concepts were explained in detail.,Neutral
361,7,2,6,4,5,7,8,3,Very satisfied with the teaching.,Positive
917,8,6,5,3,7,5,4,8,The presentations were very clear.,Positive
342,5,9,8,1,9,8,7,10,Could use more real-world examples.,Positive
599,5,2,4,8,4,8,9,5,"Too many assignments, need balance.",Positive
875,5,4,7,3,5,6,4,5,Concepts were explained in detail.,Neutral
745,5,9,5,10,8,2,9,1,Support was excellent and motivating.,Positive
131,9,4,8,2,7,5,2,10,"Too many assignments, need balance.",Positive
143,6,6,7,8,10,3,3,9,"Overall, the course was relevant and useful.",Positive
666,10,5,6,8,1,2,7,7,"Overall, the course was relevant and useful.",Positive
104,8,5,4,2,7,9,4,4,Great teaching style and very helpful!,Positive
964,8,5,5,3,10,5,5,3,The presentations were very clear.,Positive
208,8,7,5,7,2,3,2,8,Very satisfied with the teaching.,Positive
774,7,10,5,4,6,10,9,6,Could use more real-world examples.,Positive
346,10,7,4,9,3,2,10,8,Sometimes explanations were confusing.,Negative
97,7,8,7,9,6,3,10,7,Support was excellent and motivating.,Positive
306,9,10,4,1,3,3,2,5,Concepts were explained in detail.,Neutral
18,9,6,6,1,5,8,4,10,Very satisfied with the teaching.,Positive
284,5,7,6,3,10,3,8,6,"Too many assignments, need balance.",Positive
173,5,7,5,10,10,10,3,10,"Overall, the course was relevant and useful.",Positive
558,7,9,5,5,9,7,3,5,Support was excellent and motivating.,Positive
51,7,2,6,2,8,2,10,2,Sometimes explanations were confusing.,Negative
357,5,8,7,5,4,1,8,8,Could use more real-world examples.,Positive
692,8,8,6,9,5,8,7,10,Great teaching style and very helpful!,Positive
26,8,2,6,10,9,9,4,5,Sometimes explanations were confusing.,Negative
386,9,5,5,4,6,5,7,7,Support was excellent and motivating.,Positive
287,5,9,5,5,10,8,4,10,Sometimes explanations were confusing.,Negative
974,8,10,4,2,4,9,8,7,Support was excellent and motivating.,Positive
683,6,9,4,8,5,5,1,10,Support was excellent and motivating.,Positive
374,6,9,4,6,2,6,7,8,Assignments were too difficult.,Negative
278,10,8,7,8,6,7,8,1,Concepts were explained in detail.,Neutral
367,10,4,8,3,3,9,5,7,"Overall, the course was relevant and useful.",Positive
800,7,4,5,2,1,6,3,9,Assignments were too difficult.,Negative
11,9,5,6,8,5,6,7,7,Could use more real-world examples.,Positive
310,5,8,5,9,4,4,9,10,Assignments were too difficult.,Negative
910,5,8,7,10,8,2,4,8,The presentations were very clear.,Positive
440,5,7,8,9,7,1,8,10,The presentations were very clear.,Positive
441,7,8,5,3,1,8,6,8,"Overall, the course was relevant and useful.",Positive
146,8,7,5,6,9,2,9,10,Sometimes explanations were confusing.,Negative
614,8,2,6,7,8,6,6,5,Concepts were explained in detail.,Neutral
262,10,5,4,9,6,9,9,3,"Overall, the course was relevant and useful.",Positive
34,9,7,8,9,8,2,8,9,Support was excellent and motivating.,Positive
407,9,8,8,6,2,9,6,4,"Too many assignments, need balance.",Positive
564,5,10,5,6,8,5,3,1,Concepts were explained in detail.,Neutral
538,8,7,4,6,10,5,2,9,Concepts were explained in detail.,Neutral
748,5,8,6,1,10,2,4,9,Support was excellent and motivating.,Positive
675,8,7,8,9,8,6,2,8,Support was excellent and motivating.,Positive
224,10,7,7,6,2,1,7,9,Great teaching style and very helpful!,Positive
10,8,3,7,4,3,6,4,1,"Overall, the course was relevant and useful.",Positive
708,5,3,5,4,5,9,6,4,Support was excellent and motivating.,Positive
636,7,3,6,9,5,4,6,3,The presentations were very clear.,Positive
218,7,8,4,4,1,4,6,4,Could use more real-world examples.,Positive
193,5,9,4,6,5,7,1,9,"Too many assignments, need balance.",Positive
106,6,6,5,8,3,1,9,7,"Overall, the course was relevant and useful.",Positive
834,8,2,7,4,1,8,9,2,Very satisfied with the teaching.,Positive
597,5,4,8,4,8,7,3,4,The presentations were very clear.,Positive
45,8,5,6,1,5,9,2,9,Sometimes explanations were confusing.,Negative
264,5,2,4,4,7,6,4,1,Support was excellent and motivating.,Positive
219,10,4,5,7,9,10,8,3,Very satisfied with the teaching.,Positive
249,10,2,5,6,8,1,8,9,Support was excellent and motivating.,Positive
507,9,2,6,2,7,9,7,9,Concepts were explained in detail.,Neutral
383,10,10,8,10,4,9,3,10,The presentations were very clear.,Positive
631,10,8,5,3,9,9,8,3,Concepts were explained in detail.,Neutral
502,6,3,5,1,8,4,7,8,Great teaching style and very helpful!,Positive
792,10,2,6,7,7,5,6,9,Concepts were explained in detail.,Neutral
271,8,10,6,5,7,10,10,2,Great teaching style and very helpful!,Positive
194,6,3,5,4,1,10,8,3,Great teaching style and very helpful!,Positive
937,8,8,4,10,1,5,9,3,Very satisfied with the teaching.,Positive
726,6,4,4,7,7,3,6,4,Support was excellent and motivating.,Positive
339,6,10,5,9,4,3,6,5,Sometimes explanations were confusing.,Negative
841,8,9,8,3,4,4,7,1,Concepts were explained in detail.,Neutral
874,9,7,6,9,6,1,6,3,The presentations were very clear.,Positive
214,6,6,4,3,1,3,4,6,Great teaching style and very helpful!,Positive
924,9,10,5,5,6,4,1,8,Support was excellent and motivating.,Positive
203,8,7,8,9,4,10,8,10,"Too many assignments, need balance.",Positive
629,8,3,7,4,4,8,1,10,"Overall, the course was relevant and useful.",Positive
354,6,3,7,10,1,1,10,6,Very satisfied with the teaching.,Positive
857,9,8,6,5,7,8,1,9,Sometimes explanations were confusing.,Negative
424,5,3,7,3,8,6,5,7,Assignments were too difficult.,Negative
872,6,10,8,8,2,2,1,4,Very satisfied with the teaching.,Positive
116,8,5,6,3,5,3,1,9,"Too many assignments, need balance.",Positive
308,9,10,7,10,3,2,10,9,"Overall, the course was relevant and useful.",Positive
698,5,9,6,3,6,9,9,9,"Too many assignments, need balance.",Positive
622,9,10,7,7,6,2,8,4,Concepts were explained in detail.,Neutral
103,9,6,4,6,1,3,10,6,Great teaching style and very helpful!,Positive
464,5,4,8,6,4,10,1,6,Sometimes explanations were confusing.,Negative
870,10,4,6,3,8,2,3,7,Could use more real-world examples.,Positive
351,8,5,8,10,1,9,7,7,Great teaching style and very helpful!,Positive
628,10,10,4,7,1,7,3,9,Could use more real-world examples.,Positive
33,8,5,6,1,8,7,7,2,"Overall, the course was relevant and useful.",Positive
972,7,9,4,1,1,2,1,10,Support was excellent and motivating.,Positive
535,5,10,5,9,9,8,1,9,Assignments were too difficult.,Negative
959,8,4,5,5,10,7,3,2,The presentations were very clear.,Positive
794,10,4,4,8,6,8,6,9,Great teaching style and very helpful!,Positive
313,5,7,7,3,7,10,1,1,Sometimes explanations were confusing.,Negative
127,5,8,4,9,7,7,7,6,"Too many assignments, need balance.",Positive
245,10,6,4,9,9,2,7,7,Sometimes explanations were confusing.,Negative
773,9,5,8,9,1,10,4,8,"Overall, the course was relevant and useful.",Positive
69,8,6,6,1,9,1,9,7,Could use more real-world examples.,Positive
141,8,6,6,5,4,9,5,2,"Too many assignments, need balance.",Positive
139,8,3,4,10,6,1,1,5,The presentations were very clear.,Positive
398,6,9,6,10,7,4,5,9,The presentations were very clear.,Positive
889,7,6,8,6,6,6,7,10,Great teaching style and very helpful!,Positive
995,6,7,8,3,7,7,8,7,"Overall, the course was relevant and useful.",Positive
757,9,5,7,9,7,8,9,1,Support was excellent and motivating.,Positive
783,5,2,8,2,8,5,7,3,"Overall, the course was relevant and useful.",Positive
420,5,8,8,6,2,4,10,3,Could use more real-world examples.,Positive
790,7,5,6,2,3,1,6,6,Sometimes explanations were confusing.,Negative
592,7,2,7,10,8,9,5,1,The presentations were very clear.,Positive
978,6,5,8,9,6,6,2,9,Sometimes explanations were confusing.,Negative
735,6,4,6,1,7,6,1,5,Sometimes explanations were confusing.,Negative
731,5,10,6,9,5,10,5,2,Sometimes explanations were confusing.,Negative
932,6,6,4,5,5,3,6,1,The presentations were very clear.,Positive
497,6,4,8,4,6,10,1,6,Very satisfied with the teaching.,Positive
813,8,10,5,8,4,7,5,2,Concepts were explained in detail.,Neutral
2,10,2,7,3,10,4,4,7,Could use more real-world examples.,Positive
649,9,2,6,10,4,9,4,2,Very satisfied with the teaching.,Positive
455,8,5,4,2,7,4,1,2,Could use more real-world examples.,Positive
593,5,3,5,3,9,10,9,9,"Too many assignments, need balance.",Positive
206,10,8,5,4,8,9,10,6,"Overall, the course was relevant and useful.",Positive
847,7,10,5,7,1,9,10,4,"Overall, the course was relevant and useful.",Positive
233,8,7,7,7,9,2,8,2,Assignments were too difficult.,Negative
87,5,10,8,4,8,10,1,9,"Overall, the course was relevant and useful.",Positive
333,6,3,7,6,9,9,9,1,The presentations were very clear.,Positive
738,8,2,5,7,2,7,6,5,Support was excellent and motivating.,Positive
350,5,6,6,1,8,7,10,10,Great teaching style and very helpful!,Positive
805,8,8,7,10,6,2,2,6,Assignments were too difficult.,Negative
700,9,8,6,1,9,6,9,1,Great teaching style and very helpful!,Positive
92,7,6,7,3,2,1,7,6,Could use more real-world examples.,Positive
68,5,5,8,8,7,6,10,4,Great teaching style and very helpful!,Positive
746,10,5,6,7,1,1,6,1,Great teaching style and very helpful!,Positive
741,7,9,7,3,10,8,10,5,Assignments were too difficult.,Negative
581,9,10,8,2,5,6,7,10,"Too many assignments, need balance.",Positive
677,9,6,6,9,1,10,7,1,Sometimes explanations were confusing.,Negative
442,7,8,5,10,8,3,6,4,"Overall, the course was relevant and useful.",Positive
749,9,9,5,2,9,1,10,1,"Overall, the course was relevant and useful.",Positive
25,5,6,4,10,4,1,8,3,The presentations were very clear.,Positive
936,6,7,6,4,1,8,4,10,Assignments were too difficult.,Negative
90,9,10,6,7,8,1,2,7,The presentations were very clear.,Positive
715,6,9,6,5,9,1,6,6,Support was excellent and motivating.,Positive
240,9,9,7,10,5,7,1,6,Support was excellent and motivating.,Positive
13,6,6,6,3,10,7,2,1,The presentations were very clear.,Positive
126,7,4,6,4,1,5,2,1,Assignments were too difficult.,Negative
761,5,9,6,10,10,1,10,6,The presentations were very clear.,Positive
302,8,4,6,7,1,4,1,8,"Overall, the course was relevant and useful.",Positive
650,8,4,7,9,10,2,8,3,Very satisfied with the teaching.,Positive
365,10,5,5,3,5,2,3,5,Concepts were explained in detail.,Neutral
905,5,9,6,8,10,2,1,1,Great teaching style and very helpful!,Positive
415,9,3,5,1,8,9,9,2,Concepts were explained in detail.,Neutral
397,10,7,8,6,6,6,2,6,Assignments were too difficult.,Negative
435,9,9,7,4,1,1,7,5,Concepts were explained in detail.,Neutral
945,9,3,8,2,4,9,1,1,Support was excellent and motivating.,Positive
930,8,7,5,1,3,7,2,1,Could use more real-world examples.,Positive
687,5,9,7,9,3,1,9,5,Great teaching style and very helpful!,Positive
852,5,10,5,4,3,10,8,6,Sometimes explanations were confusing.,Negative
712,6,5,5,7,8,2,9,7,Assignments were too difficult.,Negative
470,6,10,6,6,7,1,1,2,Great teaching style and very helpful!,Positive
43,6,5,4,1,10,7,4,1,Concepts were explained in detail.,Neutral
550,5,3,7,8,2,7,7,8,Support was excellent and motivating.,Positive
844,8,6,4,1,1,8,10,9,"Too many assignments, need balance.",Positive
150,6,5,8,5,2,10,1,6,Very satisfied with the teaching.,Positive
168,6,3,8,2,8,10,7,3,Sometimes explanations were confusing.,Negative
519,8,7,7,6,10,10,4,3,Very satisfied with the teaching.,Positive
531,9,8,7,6,3,8,3,7,Great teaching style and very helpful!,Positive
643,9,7,7,7,2,4,3,7,Support was excellent and motivating.,Positive
428,6,9,4,4,8,6,2,5,Support was excellent and motivating.,Positive
659,9,4,8,10,6,6,3,8,Concepts were explained in detail.,Neutral
766,10,2,4,3,4,6,9,4,"Overall, the course was relevant and useful.",Positive
732,9,2,6,9,4,2,10,10,Concepts were explained in detail.,Neutral
916,10,4,7,3,10,10,7,8,"Overall, the course was relevant and useful.",Positive
979,9,4,7,10,5,2,4,2,"Overall, the course was relevant and useful.",Positive
372,5,7,7,9,3,5,10,4,Sometimes explanations were confusing.,Negative
778,9,4,8,9,8,5,7,4,Concepts were explained in detail.,Neutral
579,10,3,7,8,9,1,8,8,"Too many assignments, need balance.",Positive
320,9,6,7,4,3,9,10,2,The presentations were very clear.,Positive
645,5,9,6,6,8,5,10,8,The presentations were very clear.,Positive
5,6,7,4,2,3,8,10,7,Concepts were explained in detail.,Neutral
294,7,5,4,1,6,2,9,6,Concepts were explained in detail.,Neutral
117,8,2,5,10,5,4,3,2,Very satisfied with the teaching.,Positive
555,9,2,8,7,2,1,3,10,Sometimes explanations were confusing.,Negative
29,6,9,5,1,6,10,4,5,Concepts were explained in detail.,Neutral
259,8,3,8,9,7,4,10,7,Very satisfied with the teaching.,Positive
47,8,4,4,9,10,10,2,6,"Overall, the course was relevant and useful.",Positive
678,8,10,5,2,7,4,1,7,Support was excellent and motivating.,Positive
543,8,2,4,9,3,3,3,4,Support was excellent and motivating.,Positive
908,5,2,5,3,2,10,4,8,"Overall, the course was relevant and useful.",Positive
586,8,2,4,9,8,8,7,7,Assignments were too difficult.,Negative
98,9,9,7,2,3,3,8,4,Very satisfied with the teaching.,Positive
55,8,7,6,2,5,7,7,9,Very satisfied with the teaching.,Positive
913,5,5,6,5,6,7,6,1,"Overall, the course was relevant and useful.",Positive
199,9,5,8,3,8,1,1,2,"Too many assignments, need balance.",Positive
539,10,2,7,4,3,4,10,1,Could use more real-world examples.,Positive
759,7,2,4,2,1,5,9,9,Great teaching style and very helpful!,Positive
